Top 10 IP Addresses,ASN,Count,City/State,Country,ISP
187.254.21.24,16960,3155,Nuevo Laredo/Tamaulipas,Mexico,Cablevision Red S.A de C.V
60.249.18.240,3462,3150,Taichung/Taichung,Taiwan,Chunghwa Telecom Co Ltd
202.148.58.16,24186,3148,Maharashtra,India,Railtel Corporation of India Ltd
186.1.181.186,27837,3124,Santa Marta/Magdalena,Columbia,Dialnet de Colombia S.A E.s.p
197.47.154.15,8452,2027,Cairo/Al Qahirah,egypt,TE as
103.35.132.132,134254,842,Pune/Maharashtra,Inda,Shah Infinite Solutions PVT Ltd
85.185.210.231,58224,720,Abhar/Zanjan,Iran,Iran Telecommunication Company PJS
177.185.136.216,52936,661,Imperatriz/Maranhao,Brazil,Isotelco LTDA
157.230.48.117,14061,422,North Bergen/New Jersey,US,Digitalocean LCC
223.80.102.184,24444,419,Qingdao/Shandong,China,China Mobile Communications Corporation 
