Source IP,Count,ASN,City/State,Country,ISP
157.230.48.117,422,14061,North Bergen/New Jersey ,United States,Digital Ocean LLC
164.52.54.36,175,63199,,Tokyo,UCUL JP
162.142.125.216,128,398324,Ann Arbor/Michigan,United States,Censys Inc
103.210.23.31,109,135377,Hong Kong,Hong Kong,Zenlayer Inc
169.197.113.158,108,135377,London/England,Great Britain,Zenlayer Inc 
162.142.125.13,100,398324,Ann Arbor/Michigan,United States,Censys Inc
162.142.125.217,91,398324,Ann Arbor/Michigan,United States,Censys Inc
162.142.125.11,81,398324,Ann Arbor/Michigan,United States,Censys Inc
89.248.165.14,69,202425,Amsterdam/Noord-Holland,Netherlands,FiberXpress BV
42.5.68.19,60,265691,Comas/Lima,Peru,Wi-Net Telecom S.A.C
